{
    "accuracy": 0.8836053938963804,
    "precision": 0.8387096774193549,
    "recall": 0.6951871657754011,
    "f1_score": 0.7602339181286549,
    "roc_auc": 0.9095882094603323
}